{
  "index": {
    "count": 734.0,
    "mean": 471.0217983651226,
    "std": 286.7103573157464,
    "min": 0.0,
    "25%": 233.25,
    "50%": 452.5,
    "75%": 686.75,
    "max": 1189.0
  },
  "age": {
    "count": 734.0,
    "mean": 53.35013623978202,
    "std": 9.42848540078225,
    "min": 28.0,
    "25%": 47.0,
    "50%": 54.0,
    "75%": 60.0,
    "max": 77.0
  },
  "sex": {
    "count": 734.0,
    "mean": 0.782016348773842,
    "std": 0.41315776578955465,
    "min": 0.0,
    "25%": 1.0,
    "50%": 1.0,
    "75%": 1.0,
    "max": 1.0
  },
  "chest_pain_type": {
    "count": 734.0,
    "mean": 3.250681198910082,
    "std": 0.9225643863336405,
    "min": 1.0,
    "25%": 3.0,
    "50%": 4.0,
    "75%": 4.0,
    "max": 4.0
  },
  "resting_bp_s": {
    "count": 734.0,
    "mean": 131.61444141689373,
    "std": 18.606057739685887,
    "min": 0.0,
    "25%": 120.0,
    "50%": 130.0,
    "75%": 140.0,
    "max": 200.0
  },
  "cholesterol": {
    "count": 734.0,
    "mean": 199.58174386920982,
    "std": 110.33867369689298,
    "min": 0.0,
    "25%": 173.0,
    "50%": 223.0,
    "75%": 267.0,
    "max": 603.0
  },
  "fasting_blood_sugar": {
    "count": 734.0,
    "mean": 0.22888283378746593,
    "std": 0.42040012760486306,
    "min": 0.0,
    "25%": 0.0,
    "50%": 0.0,
    "75%": 0.0,
    "max": 1.0
  },
  "resting_ecg": {
    "count": 734.0,
    "mean": 0.5926430517711172,
    "std": 0.8068603126267734,
    "min": 0.0,
    "25%": 0.0,
    "50%": 0.0,
    "75%": 1.0,
    "max": 2.0
  },
  "max_heart_rate": {
    "count": 734.0,
    "mean": 136.76021798365122,
    "std": 26.21460905004736,
    "min": 60.0,
    "25%": 120.0,
    "50%": 138.0,
    "75%": 157.0,
    "max": 202.0
  },
  "exercise_angina": {
    "count": 734.0,
    "mean": 0.40463215258855584,
    "std": 0.49115540295467314,
    "min": 0.0,
    "25%": 0.0,
    "50%": 0.0,
    "75%": 1.0,
    "max": 1.0
  },
  "oldpeak": {
    "count": 734.0,
    "mean": 0.8758855585831063,
    "std": 1.043006446770098,
    "min": -2.6,
    "25%": 0.0,
    "50%": 0.6,
    "75%": 1.5,
    "max": 6.2
  },
  "st_slope": {
    "count": 734.0,
    "mean": 1.6430517711171662,
    "std": 0.6119317967871063,
    "min": 0.0,
    "25%": 1.0,
    "50%": 2.0,
    "75%": 2.0,
    "max": 3.0
  },
  "target": {
    "count": 734.0,
    "mean": 0.5667574931880109,
    "std": 0.49586129242813043,
    "min": 0.0,
    "25%": 0.0,
    "50%": 1.0,
    "75%": 1.0,
    "max": 1.0
  }
}